#Release 14.7 - par P.20131013 (nt64)
#Copyright (c) 1995-2013 Xilinx, Inc.  All rights reserved.

#Sun Oct 27 18:23:37 2019

#
## NOTE: This file is designed to be imported into a spreadsheet program
# such as Microsoft Excel for viewing, printing and sorting. The |
# character is used as the data field separator. This file is also designed
# to support parsing.
#
#INPUT FILE:       add_map.ncd
#OUTPUT FILE:      add_pad.csv
#PART TYPE:        xc7a100t
#SPEED GRADE:      -2l
#PACKAGE:          fgg484
#
# Pinout by Pin Number:
# 
# -----,-----,-----,-----,-----,-----,-----,-----,-----,-----,-----,-----,-----,-----,-----,
Pin Number,Signal Name,Pin Usage,Pin Name,Direction,IO Standard,IO Bank Number,Drive (mA),Slew Rate,Termination,IOB Delay,Voltage,Constraint,IO Register,Signal Integrity,
A1,,IOB33S,IO_L1N_T0_AD4N_35,UNUSED,,35,,,,,,,,,
A2,,,GND,,,,,,,,,,,,
A3,,,GND,,,,,,,,,,,,
A4,,OPAD,MGTPTXN0_216,UNUSED,,,,,,,,,,,
A5,,,GND,,,,,,,,,,,,
A6,,OPAD,MGTPTXN2_216,UNUSED,,,,,,,,,,,
A7,,,GND,,,,,,,,,,,,
A8,,IPAD,MGTPRXN0_216,UNUSED,,,,,,,,,,,
A9,,,GND,,,,,,,,,,,,
A10,,IPAD,MGTPRXN2_216,UNUSED,,,,,,,,,,,
A11,,,GND,,,,,,,,,,,,
A12,,,GND,,,,,,,,,,,,
A13,,IOB33M,IO_L10P_T1_16,UNUSED,,16,,,,,,,,,
A14,,IOB33S,IO_L10N_T1_16,UNUSED,,16,,,,,,,,,
A15,,IOB33M,IO_L9P_T1_DQS_16,UNUSED,,16,,,,,,,,,
A16,,IOB33S,IO_L9N_T1_DQS_16,UNUSED,,16,,,,,,,,,
A17,,,VCCO_16,,,16,,,,,any******,,,,
A18,,IOB33M,IO_L17P_T2_16,UNUSED,,16,,,,,,,,,
A19,,IOB33S,IO_L17N_T2_16,UNUSED,,16,,,,,,,,,
A20,,IOB33S,IO_L16N_T2_16,UNUSED,,16,,,,,,,,,
A21,,IOB33S,IO_L21N_T3_DQS_16,UNUSED,,16,,,,,,,,,
A22,,,GND,,,,,,,,,,,,
AA1,,IOB33M,IO_L7P_T1_34,UNUSED,,34,,,,,,,,,
AA2,,,GND,,,,,,,,,,,,
AA3,,IOB33S,IO_L9N_T1_DQS_34,UNUSED,,34,,,,,,,,,
AA4,,IOB33S,IO_L11N_T1_SRCC_34,UNUSED,,34,,,,,,,,,
AA5,,IOB33M,IO_L10P_T1_34,UNUSED,,34,,,,,,,,,
AA6,,IOB33S,IO_L18N_T2_34,UNUSED,,34,,,,,,,,,
AA7,,,VCCO_34,,,34,,,,,1.80,,,,
AA8,,IOB33M,IO_L22P_T3_34,UNUSED,,34,,,,,,,,,
AA9,,IOB33M,IO_L8P_T1_13,UNUSED,,13,,,,,,,,,
AA10,,IOB33M,IO_L9P_T1_DQS_13,UNUSED,,13,,,,,,,,,
AA11,,IOB33S,IO_L9N_T1_DQS_13,UNUSED,,13,,,,,,,,,
AA12,,,GND,,,,,,,,,,,,
AA13,,IOB33M,IO_L3P_T0_DQS_13,UNUSED,,13,,,,,,,,,
AA14,,IOB33S,IO_L5N_T0_13,UNUSED,,13,,,,,,,,,
AA15,,IOB33M,IO_L4P_T0_13,UNUSED,,13,,,,,,,,,
AA16,,IOB33S,IO_L1N_T0_13,UNUSED,,13,,,,,,,,,
AA17,,,VCCO_13,,,13,,,,,any******,,,,
AA18,,IOB33M,IO_L17P_T2_A14_D30_14,UNUSED,,14,,,,,,,,,
AA19,,IOB33M,IO_L15P_T2_DQS_RDWR_B_14,UNUSED,,14,,,,,,,,,
AA20,,IOB33M,IO_L8P_T1_D11_14,UNUSED,,14,,,,,,,,,
AA21,,IOB33S,IO_L8N_T1_D12_14,UNUSED,,14,,,,,,,,,
AA22,,,GND,,,,,,,,,,,,
AB1,,IOB33S,IO_L7N_T1_34,UNUSED,,34,,,,,,,,,
AB2,,IOB33S,IO_L8N_T1_34,UNUSED,,34,,,,,,,,,
AB3,,IOB33M,IO_L8P_T1_34,UNUSED,,34,,,,,,,,,
AB4,,,VCCO_34,,,34,,,,,1.80,,,,
AB5,,IOB33S,IO_L10N_T1_34,UNUSED,,34,,,,,,,,,
AB6,,IOB33S,IO_L20N_T3_34,UNUSED,,34,,,,,,,,,
AB7,,IOB33M,IO_L20P_T3_34,UNUSED,,34,,,,,,,,,
AB8,,IOB33S,IO_L22N_T3_34,UNUSED,,34,,,,,,,,,
AB9,,,GND,,,,,,,,,,,,
AB10,,IOB33S,IO_L8N_T1_13,UNUSED,,13,,,,,,,,,
AB11,,IOB33M,IO_L7P_T1_13,UNUSED,,13,,,,,,,,,
AB12,,IOB33S,IO_L7N_T1_13,UNUSED,,13,,,,,,,,,
AB13,,IOB33S,IO_L3N_T0_DQS_13,UNUSED,,13,,,,,,,,,
AB14,,,VCCO_13,,,13,,,,,any******,,,,
AB15,,IOB33S,IO_L4N_T0_13,UNUSED,,13,,,,,,,,,
AB16,,IOB33M,IO_L2P_T0_13,UNUSED,,13,,,,,,,,,
AB17,,IOB33S,IO_L2N_T0_13,UNUSED,,13,,,,,,,,,
AB18,,IOB33S,IO_L17N_T2_A13_D29_14,UNUSED,,14,,,,,,,,,
AB19,,,GND,,,,,,,,,,,,
AB20,,IOB33S,IO_L15N_T2_DQS_DOUT_CSO_B_14,UNUSED,,14,,,,,,,,,
AB21,,IOB33M,IO_L10P_T1_D14_14,UNUSED,,14,,,,,,,,,
AB22,,IOB33S,IO_L10N_T1_D15_14,UNUSED,,14,,,,,,,,,
B1,,IOB33M,IO_L1P_T0_AD4P_35,UNUSED,,35,,,,,,,,,
B2,,IOB33S,IO_L2N_T0_AD12N_35,UNUSED,,35,,,,,,,,,
B3,,,GND,,,,,,,,,,,,
B4,,OPAD,MGTPTXP0_216,UNUSED,,,,,,,,,,,
B5,,,MGTAVTT,,,,,,,,,,,,
B6,,OPAD,MGTPTXP2_216,UNUSED,,,,,,,,,,,
B7,,,MGTAVTT,,,,,,,,,,,,
B8,,IPAD,MGTPRXP0_216,UNUSED,,,,,,,,,,,
B9,,,MGTAVTT,,,,,,,,,,,,
B10,,IPAD,MGTPRXP2_216,UNUSED,,,,,,,,,,,
B11,,,MGTAVTT,,,,,,,,,,,,
B12,,,GND,,,,,,,,,,,,
B13,,IOB33S,IO_L8N_T1_16,UNUSED,,16,,,,,,,,,
B14,,,VCCO_16,,,16,,,,,any******,,,,
B15,,IOB33M,IO_L7P_T1_16,UNUSED,,16,,,,,,,,,
B16,,IOB33S,IO_L7N_T1_16,UNUSED,,16,,,,,,,,,
B17,,IOB33M,IO_L11P_T1_SRCC_16,UNUSED,,16,,,,,,,,,
B18,,IOB33S,IO_L11N_T1_SRCC_16,UNUSED,,16,,,,,,,,,
B19,,,GND,,,,,,,,,,,,
B20,,IOB33M,IO_L16P_T2_16,UNUSED,,16,,,,,,,,,
B21,,IOB33M,IO_L21P_T3_DQS_16,UNUSED,,16,,,,,,,,,
B22,,IOB33S,IO_L20N_T3_16,UNUSED,,16,,,,,,,,,
C1,,,VCCO_35,,,35,,,,,1.80,,,,
C2,,IOB33M,IO_L2P_T0_AD12P_35,UNUSED,,35,,,,,,,,,
C3,,,GND,,,,,,,,,,,,
C4,,,MGTAVTT,,,,,,,,,,,,
C5,,OPAD,MGTPTXN1_216,UNUSED,,,,,,,,,,,
C6,,,GND,,,,,,,,,,,,
C7,,OPAD,MGTPTXN3_216,UNUSED,,,,,,,,,,,
C8,,,MGTAVTT,,,,,,,,,,,,
C9,,IPAD,MGTPRXN3_216,UNUSED,,,,,,,,,,,
C10,,,GND,,,,,,,,,,,,
C11,,IPAD,MGTPRXN1_216,UNUSED,,,,,,,,,,,
C12,,,GND,,,,,,,,,,,,
C13,,IOB33M,IO_L8P_T1_16,UNUSED,,16,,,,,,,,,
C14,,IOB33M,IO_L3P_T0_DQS_16,UNUSED,,16,,,,,,,,,
C15,,IOB33S,IO_L3N_T0_DQS_16,UNUSED,,16,,,,,,,,,
C16,,,GND,,,,,,,,,,,,
C17,,IOB33S,IO_L12N_T1_MRCC_16,UNUSED,,16,,,,,,,,,
C18,,IOB33M,IO_L13P_T2_MRCC_16,UNUSED,,16,,,,,,,,,
C19,,IOB33S,IO_L13N_T2_MRCC_16,UNUSED,,16,,,,,,,,,
C20,,IOB33S,IO_L19N_T3_VREF_16,UNUSED,,16,,,,,,,,,
C21,,,VCCO_16,,,16,,,,,any******,,,,
C22,,IOB33M,IO_L20P_T3_16,UNUSED,,16,,,,,,,,,
D1,,IOB33S,IO_L3N_T0_DQS_AD5N_35,UNUSED,,35,,,,,,,,,
D2,,IOB33S,IO_L4N_T0_35,UNUSED,,35,,,,,,,,,
D3,,,GND,,,,,,,,,,,,
D4,,,GND,,,,,,,,,,,,
D5,,OPAD,MGTPTXP1_216,UNUSED,,,,,,,,,,,
D6,,,MGTAVCC,,,,,,,,,,,,
D7,,OPAD,MGTPTXP3_216,UNUSED,,,,,,,,,,,
D8,,,GND,,,,,,,,,,,,
D9,,IPAD,MGTPRXP3_216,UNUSED,,,,,,,,,,,
D10,,,MGTAVCC,,,,,,,,,,,,
D11,,IPAD,MGTPRXP1_216,UNUSED,,,,,,,,,,,
D12,,,GND,,,,,,,,,,,,
D13,,,GND,,,,,,,,,,,,
D14,,IOB33M,IO_L6P_T0_16,UNUSED,,16,,,,,,,,,
D15,,IOB33S,IO_L6N_T0_VREF_16,UNUSED,,16,,,,,,,,,
D16,,IOB33S,IO_L5N_T0_16,UNUSED,,16,,,,,,,,,
D17,,IOB33M,IO_L12P_T1_MRCC_16,UNUSED,,16,,,,,,,,,
D18,,,VCCO_16,,,16,,,,,any******,,,,
D19,,IOB33S,IO_L14N_T2_SRCC_16,UNUSED,,16,,,,,,,,,
D20,,IOB33M,IO_L19P_T3_16,UNUSED,,16,,,,,,,,,
D21,,IOB33S,IO_L23N_T3_16,UNUSED,,16,,,,,,,,,
D22,,IOB33S,IO_L22N_T3_16,UNUSED,,16,,,,,,,,,
E1,,IOB33M,IO_L3P_T0_DQS_AD5P_35,UNUSED,,35,,,,,,,,,
E2,,IOB33M,IO_L4P_T0_35,UNUSED,,35,,,,,,,,,
E3,,IOB33S,IO_L6N_T0_VREF_35,UNUSED,,35,,,,,,,,,
E4,,,GND,,,,,,,,,,,,
E5,,,GND,,,,,,,,,,,,
E6,,IPAD,MGTREFCLK0N_216,UNUSED,,,,,,,,,,,
E7,,,GND,,,,,,,,,,,,
E8,,,MGTAVCC,,,,,,,,,,,,
E9,,,GND,,,,,,,,,,,,
E10,,IPAD,MGTREFCLK1N_216,UNUSED,,,,,,,,,,,
E11,,,GND,,,,,,,,,,,,
E12,,,VCCBATT_0,,,,,,,,,,,,
E13,,IOB33M,IO_L4P_T0_16,UNUSED,,16,,,,,,,,,
E14,,IOB33S,IO_L4N_T0_16,UNUSED,,16,,,,,,,,,
E15,,,VCCO_16,,,16,,,,,any******,,,,
E16,,IOB33M,IO_L5P_T0_16,UNUSED,,16,,,,,,,,,
E17,,IOB33S,IO_L2N_T0_16,UNUSED,,16,,,,,,,,,
E18,,IOB33S,IO_L15N_T2_DQS_16,UNUSED,,16,,,,,,,,,
E19,,IOB33M,IO_L14P_T2_SRCC_16,UNUSED,,16,,,,,,,,,
E20,,,GND,,,,,,,,,,,,
E21,,IOB33M,IO_L23P_T3_16,UNUSED,,16,,,,,,,,,
E22,,IOB33M,IO_L22P_T3_16,UNUSED,,16,,,,,,,,,
F1,,IOB33S,IO_L5N_T0_AD13N_35,UNUSED,,35,,,,,,,,,
F2,,,VCCO_35,,,35,,,,,1.80,,,,
F3,,IOB33M,IO_L6P_T0_35,UNUSED,,35,,,,,,,,,
F4,,IOB33,IO_0_35,UNUSED,,35,,,,,,,,,
F5,,,GND,,,,,,,,,,,,
F6,,IPAD,MGTREFCLK0P_216,UNUSED,,,,,,,,,,,
F7,,,MGTAVCC,,,,,,,,,,,,
F8,,,MGTRREF_216,,,,,,,,,,,,
F9,,,MGTAVCC,,,,,,,,,,,,
F10,,IPAD,MGTREFCLK1P_216,UNUSED,,,,,,,,,,,
F11,,,GND,,,,,,,,,,,,
F12,,,VCCO_0,,,0,,,,,any******,,,,
F13,,IOB33M,IO_L1P_T0_16,UNUSED,,16,,,,,,,,,
F14,,IOB33S,IO_L1N_T0_16,UNUSED,,16,,,,,,,,,
F15,,IOB33,IO_0_16,UNUSED,,16,,,,,,,,,
F16,,IOB33M,IO_L2P_T0_16,UNUSED,,16,,,,,,,,,
F17,,,GND,,,,,,,,,,,,
F18,,IOB33M,IO_L15P_T2_DQS_16,UNUSED,,16,,,,,,,,,
F19,,IOB33M,IO_L18P_T2_16,UNUSED,,16,,,,,,,,,
F20,,IOB33S,IO_L18N_T2_16,UNUSED,,16,,,,,,,,,
F21,,IOB33,IO_25_16,UNUSED,,16,,,,,,,,,
F22,,,VCCO_16,,,16,,,,,any******,,,,
G1,,IOB33M,IO_L5P_T0_AD13P_35,UNUSED,,35,,,,,,,,,
G2,,IOB33S,IO_L8N_T1_AD14N_35,UNUSED,,35,,,,,,,,,
G3,,IOB33S,IO_L11N_T1_SRCC_35,UNUSED,,35,,,,,,,,,
G4,,IOB33S,IO_L12N_T1_MRCC_35,UNUSED,,35,,,,,,,,,
G5,,,GND,,,,,,,,,,,,
G6,,,GND,,,,,,,,,,,,
G7,,,GND,,,,,,,,,,,,
G8,,,GND,,,,,,,,,,,,
G9,,,GND,,,,,,,,,,,,
G10,,,GND,,,,,,,,,,,,
G11,,,DONE_0,,,,,,,,,,,,
G12,,,GND,,,,,,,,,,,,
G13,,IOB33S,IO_L1N_T0_AD0N_15,UNUSED,,15,,,,,,,,,
G14,,,GND,,,,,,,,,,,,
G15,,IOB33M,IO_L2P_T0_AD8P_15,UNUSED,,15,,,,,,,,,
G16,,IOB33S,IO_L2N_T0_AD8N_15,UNUSED,,15,,,,,,,,,
G17,,IOB33M,IO_L4P_T0_15,UNUSED,,15,,,,,,,,,
G18,,IOB33S,IO_L4N_T0_15,UNUSED,,15,,,,,,,,,
G19,,,VCCO_15,,,15,,,,,any******,,,,
G20,,IOB33S,IO_L8N_T1_AD10N_15,UNUSED,,15,,,,,,,,,
G21,,IOB33M,IO_L24P_T3_16,UNUSED,,16,,,,,,,,,
G22,,IOB33S,IO_L24N_T3_16,UNUSED,,16,,,,,,,,,
H1,,,GND,,,,,,,,,,,,
H2,,IOB33M,IO_L8P_T1_AD14P_35,UNUSED,,35,,,,,,,,,
H3,,IOB33M,IO_L11P_T1_SRCC_35,UNUSED,,35,,,,,,,,,
H4,,IOB33M,IO_L12P_T1_MRCC_35,UNUSED,,35,,,,,,,,,
H5,,IOB33S,IO_L10N_T1_AD15N_35,UNUSED,,35,,,,,,,,,
H6,,,VCCO_35,,,35,,,,,1.80,,,,
H7,,,GND,,,,,,,,,,,,
H8,,,VCCINT,,,,,,,,1.0,,,,
H9,,,GND,,,,,,,,,,,,
H10,,,VCCINT,,,,,,,,1.0,,,,
H11,,,GND,,,,,,,,,,,,
H12,,,VCCAUX,,,,,,,,1.8,,,,
H13,,IOB33M,IO_L1P_T0_AD0P_15,UNUSED,,15,,,,,,,,,
H14,,IOB33S,IO_L3N_T0_DQS_AD1N_15,UNUSED,,15,,,,,,,,,
H15,,IOB33S,IO_L5N_T0_AD9N_15,UNUSED,,15,,,,,,,,,
H16,,,VCCO_15,,,15,,,,,any******,,,,
H17,,IOB33M,IO_L6P_T0_15,UNUSED,,15,,,,,,,,,
H18,,IOB33S,IO_L6N_T0_VREF_15,UNUSED,,15,,,,,,,,,
H19,,IOB33S,IO_L12N_T1_MRCC_15,UNUSED,,15,,,,,,,,,
H20,,IOB33M,IO_L8P_T1_AD10P_15,UNUSED,,15,,,,,,,,,
H21,,,GND,,,,,,,,,,,,
H22,,IOB33S,IO_L7N_T1_AD2N_15,UNUSED,,15,,,,,,,,,
J1,,IOB33S,IO_L7N_T1_AD6N_35,UNUSED,,35,,,,,,,,,
J2,,IOB33S,IO_L9N_T1_DQS_AD7N_35,UNUSED,,35,,,,,,,,,
J3,,,VCCO_35,,,35,,,,,1.80,,,,
J4,,IOB33S,IO_L13N_T2_MRCC_35,UNUSED,,35,,,,,,,,,
J5,,IOB33M,IO_L10P_T1_AD15P_35,UNUSED,,35,,,,,,,,,
J6,,IOB33S,IO_L17N_T2_35,UNUSED,,35,,,,,,,,,
J7,,,VCCINT,,,,,,,,1.0,,,,
J8,,,GND,,,,,,,,,,,,
J9,,,VCCINT,,,,,,,,1.0,,,,
J10,,,GND,,,,,,,,,,,,
J11,,,VCCBRAM,,,,,,,,,,,,
J12,,,GND,,,,,,,,,,,,
J13,,,VCCO_15,,,15,,,,,any******,,,,
J14,,IOB33M,IO_L3P_T0_DQS_AD1P_15,UNUSED,,15,,,,,,,,,
J15,,IOB33M,IO_L5P_T0_AD9P_15,UNUSED,,15,,,,,,,,,
J16,,IOB33,IO_0_15,UNUSED,,15,,,,,,,,,
J17,,IOB33S,IO_L21N_T3_DQS_A18_15,UNUSED,,15,,,,,,,,,
J18,,,GND,,,,,,,,,,,,
J19,,IOB33M,IO_L12P_T1_MRCC_15,UNUSED,,15,,,,,,,,,
J20,,IOB33M,IO_L11P_T1_SRCC_15,UNUSED,,15,,,,,,,,,
J21,,IOB33S,IO_L11N_T1_SRCC_15,UNUSED,,15,,,,,,,,,
J22,,IOB33M,IO_L7P_T1_AD2P_15,UNUSED,,15,,,,,,,,,
K1,,IOB33M,IO_L7P_T1_AD6P_35,UNUSED,,35,,,,,,,,,
K2,,IOB33M,IO_L9P_T1_DQS_AD7P_35,UNUSED,,35,,,,,,,,,
K3,,IOB33S,IO_L14N_T2_SRCC_35,UNUSED,,35,,,,,,,,,
K4,,IOB33M,IO_L13P_T2_MRCC_35,UNUSED,,35,,,,,,,,,
K5,,,GND,,,,,,,,,,,,
K6,,IOB33M,IO_L17P_T2_35,UNUSED,,35,,,,,,,,,
K7,,,GND,,,,,,,,,,,,
K8,,,VCCINT,,,,,,,,1.0,,,,
K9,,,GNDADC_0,,,,,,,,,,,,
K10,,,VCCADC_0,,,,,,,,,,,,
K11,,,GND,,,,,,,,,,,,
K12,,,VCCAUX,,,,,,,,1.8,,,,
K13,,IOB33M,IO_L19P_T3_A22_15,UNUSED,,15,,,,,,,,,
K14,,IOB33S,IO_L19N_T3_A21_VREF_15,UNUSED,,15,,,,,,,,,
K15,,,GND,,,,,,,,,,,,
K16,,IOB33S,IO_L23N_T3_FWE_B_15,UNUSED,,15,,,,,,,,,
K17,,IOB33M,IO_L21P_T3_DQS_15,UNUSED,,15,,,,,,,,,
K18,,IOB33M,IO_L13P_T2_MRCC_15,UNUSED,,15,,,,,,,,,
K19,,IOB33S,IO_L13N_T2_MRCC_15,UNUSED,,15,,,,,,,,,
K20,,,VCCO_15,,,15,,,,,any******,,,,
K21,,IOB33M,IO_L9P_T1_DQS_AD3P_15,UNUSED,,15,,,,,,,,,
K22,,IOB33S,IO_L9N_T1_DQS_AD3N_15,UNUSED,,15,,,,,,,,,
L1,,IOB33S,IO_L15N_T2_DQS_35,UNUSED,,35,,,,,,,,,
L2,,,GND,,,,,,,,,,,,
L3,,IOB33M,IO_L14P_T2_SRCC_35,UNUSED,,35,,,,,,,,,
L4,,IOB33S,IO_L18N_T2_35,UNUSED,,35,,,,,,,,,
L5,,IOB33M,IO_L18P_T2_35,UNUSED,,35,,,,,,,,,
L6,,IOB33,IO_25_35,UNUSED,,35,,,,,,,,,
L7,,,VCCINT,,,,,,,,1.0,,,,
L8,,,GND,,,,,,,,,,,,
L9,,,VREFN_0,,,,,,,,,,,,
L10,,IPAD,VP_0,UNUSED,,0,,,,,,,,,
L11,,,VCCBRAM,,,,,,,,,,,,
L12,,,CCLK_0,,,,,,,,,,,,
L13,,IOB33S,IO_L20N_T3_A19_15,UNUSED,,15,,,,,,,,,
L14,,IOB33M,IO_L22P_T3_A17_15,UNUSED,,15,,,,,,,,,
L15,,IOB33S,IO_L22N_T3_A16_15,UNUSED,,15,,,,,,,,,
L16,,IOB33M,IO_L23P_T3_FOE_B_15,UNUSED,,15,,,,,,,,,
L17,,,VCCO_15,,,15,,,,,any******,,,,
L18,,IOB33S,IO_L16N_T2_A27_15,UNUSED,,15,,,,,,,,,
L19,,IOB33M,IO_L14P_T2_SRCC_15,UNUSED,,15,,,,,,,,,
L20,,IOB33S,IO_L14N_T2_SRCC_15,UNUSED,,15,,,,,,,,,
L21,,IOB33S,IO_L10N_T1_AD11N_15,UNUSED,,15,,,,,,,,,
L22,,,GND,,,,,,,,,,,,
M1,Cout,IOB,IO_L15P_T2_DQS_35,OUTPUT,LVCMOS18*,35,12,SLOW,,,,LOCATED,NO,NONE,
M2,,IOB33S,IO_L16N_T2_35,UNUSED,,35,,,,,,,,,
M3,,IOB33M,IO_L16P_T2_35,UNUSED,,35,,,,,,,,,
M4,,,VCCO_35,,,35,,,,,1.80,,,,
M5,,IOB33S,IO_L23N_T3_35,UNUSED,,35,,,,,,,,,
M6,,IOB33M,IO_L23P_T3_35,UNUSED,,35,,,,,,,,,
M7,,,GND,,,,,,,,,,,,
M8,,,VCCINT,,,,,,,,1.0,,,,
M9,,IPAD,VN_0,UNUSED,,0,,,,,,,,,
M10,,,VREFP_0,,,,,,,,,,,,
M11,,,GND,,,,,,,,,,,,
M12,,,VCCAUX,,,,,,,,1.8,,,,
M13,,IOB33M,IO_L20P_T3_A20_15,UNUSED,,15,,,,,,,,,
M14,,,VCCO_14,,,14,,,,,any******,,,,
M15,,IOB33M,IO_L24P_T3_RS1_15,UNUSED,,15,,,,,,,,,
M16,,IOB33S,IO_L24N_T3_RS0_15,UNUSED,,15,,,,,,,,,
M17,,IOB33,IO_25_15,UNUSED,,15,,,,,,,,,
M18,,IOB33M,IO_L16P_T2_A28_15,UNUSED,,15,,,,,,,,,
M19,,,GND,,,,,,,,,,,,
M20,,IOB33S,IO_L18N_T2_A23_15,UNUSED,,15,,,,,,,,,
M21,,IOB33M,IO_L10P_T1_AD11P_15,UNUSED,,15,,,,,,,,,
M22,,IOB33S,IO_L15N_T2_DQS_ADV_B_15,UNUSED,,15,,,,,,,,,
N1,,,VCCO_35,,,35,,,,,1.80,,,,
N2,sum<0>,IOB,IO_L22N_T3_35,OUTPUT,LVCMOS18*,35,12,SLOW,,,,LOCATED,NO,NONE,
N3,,IOB33S,IO_L19N_T3_VREF_35,UNUSED,,35,,,,,,,,,
N4,,IOB33M,IO_L19P_T3_35,UNUSED,,35,,,,,,,,,
N5,,IOB33S,IO_L24N_T3_35,UNUSED,,35,,,,,,,,,
N6,,,GND,,,,,,,,,,,,
N7,,,VCCINT,,,,,,,,1.0,,,,
N8,,,GND,,,,,,,,,,,,
N9,,,DXN_0,,,,,,,,,,,,
N10,,,DXP_0,,,,,,,,,,,,
N11,,,VCCBRAM,,,,,,,,,,,,
N12,,,PROGRAM_B_0,,,,,,,,,,,,
N13,,IOB33M,IO_L23P_T3_A03_D19_14,UNUSED,,14,,,,,,,,,
N14,,IOB33S,IO_L23N_T3_A02_D18_14,UNUSED,,14,,,,,,,,,
N15,,IOB33,IO_25_14,UNUSED,,14,,,,,,,,,
N16,,,GND,,,,,,,,,,,,
N17,,IOB33M,IO_L21P_T3_DQS_14,UNUSED,,14,,,,,,,,,
N18,,IOB33M,IO_L17P_T2_A26_15,UNUSED,,15,,,,,,,,,
N19,,IOB33S,IO_L17N_T2_A25_15,UNUSED,,15,,,,,,,,,
N20,,IOB33M,IO_L18P_T2_A24_15,UNUSED,,15,,,,,,,,,
N21,,,VCCO_15,,,15,,,,,any******,,,,
N22,,IOB33M,IO_L15P_T2_DQS_15,UNUSED,,15,,,,,,,,,
P1,sum<1>,IOB,IO_L20N_T3_35,OUTPUT,LVCMOS18*,35,12,SLOW,,,,LOCATED,NO,NONE,
P2,sum<2>,IOB,IO_L22P_T3_35,OUTPUT,LVCMOS18*,35,12,SLOW,,,,LOCATED,NO,NONE,
P3,,,GND,,,,,,,,,,,,
P4,,IOB33S,IO_L21N_T3_DQS_35,UNUSED,,35,,,,,,,,,
P5,,IOB33M,IO_L21P_T3_DQS_35,UNUSED,,35,,,,,,,,,
P6,,IOB33M,IO_L24P_T3_35,UNUSED,,35,,,,,,,,,
P7,,,GND,,,,,,,,,,,,
P8,,,VCCINT,,,,,,,,1.0,,,,
P9,,,GND,,,,,,,,,,,,
P10,,,VCCINT,,,,,,,,1.0,,,,
P11,,,GND,,,,,,,,,,,,
P12,,,VCCAUX,,,,,,,,1.8,,,,
P13,,,GND,,,,,,,,,,,,
P14,,IOB33M,IO_L19P_T3_A10_D26_14,UNUSED,,14,,,,,,,,,
P15,,IOB33M,IO_L22P_T3_A05_D21_14,UNUSED,,14,,,,,,,,,
P16,,IOB33M,IO_L24P_T3_A01_D17_14,UNUSED,,14,,,,,,,,,
P17,,IOB33S,IO_L21N_T3_DQS_A06_D22_14,UNUSED,,14,,,,,,,,,
P18,,,VCCO_14,,,14,,,,,any******,,,,
P19,,IOB33M,IO_L5P_T0_D06_14,UNUSED,,14,,,,,,,,,
P20,,IOB33,IO_0_14,UNUSED,,14,,,,,,,,,
P21,,IOB33M,IO_L2P_T0_D02_14,UNUSED,,14,,,,,,,,,
P22,,IOB33M,IO_L1P_T0_D00_MOSI_14,UNUSED,,14,,,,,,,,,
R1,sum<3>,IOB,IO_L20P_T3_35,OUTPUT,LVCMOS18*,35,12,SLOW,,,,LOCATED,NO,NONE,
R2,,IOB33S,IO_L3N_T0_DQS_34,UNUSED,,34,,,,,,,,,
R3,,IOB33M,IO_L3P_T0_DQS_34,UNUSED,,34,,,,,,,,,
R4,,IOB33M,IO_L13P_T2_MRCC_34,UNUSED,,34,,,,,,,,,
R5,,,VCCO_34,,,34,,,,,1.80,,,,
R6,,IOB33M,IO_L17P_T2_34,UNUSED,,34,,,,,,,,,
R7,,,VCCINT,,,,,,,,1.0,,,,
R8,,,GND,,,,,,,,,,,,
R9,,,VCCINT,,,,,,,,1.0,,,,
R10,,,GND,,,,,,,,,,,,
R11,,,VCCAUX,,,,,,,,1.8,,,,
R12,,,GND,,,,,,,,,,,,
R13,,,TDI_0,,,,,,,,,,,,
R14,,IOB33S,IO_L19N_T3_A09_D25_VREF_14,UNUSED,,14,,,,,,,,,
R15,,,VCCO_14,,,14,,,,,any******,,,,
R16,,IOB33S,IO_L22N_T3_A04_D20_14,UNUSED,,14,,,,,,,,,
R17,,IOB33S,IO_L24N_T3_A00_D16_14,UNUSED,,14,,,,,,,,,
R18,,IOB33M,IO_L20P_T3_A08_D24_14,UNUSED,,14,,,,,,,,,
R19,,IOB33S,IO_L5N_T0_D07_14,UNUSED,,14,,,,,,,,,
R20,,,GND,,,,,,,,,,,,
R21,,IOB33S,IO_L2N_T0_D03_14,UNUSED,,14,,,,,,,,,
R22,,IOB33S,IO_L1N_T0_D01_DIN_14,UNUSED,,14,,,,,,,,,
T1,,IOB33M,IO_L1P_T0_34,UNUSED,,34,,,,,,,,,
T2,,,VCCO_34,,,34,,,,,1.80,,,,
T3,A<3>,IOB,IO_0_34,INPUT,LVCMOS18*,34,,,PULLDOWN,NONE,,LOCATED,NO,NONE,
T4,A<1>,IOB,IO_L13N_T2_MRCC_34,INPUT,LVCMOS18*,34,,,PULLDOWN,NONE,,LOCATED,NO,NONE,
T5,,IOB33M,IO_L14P_T2_SRCC_34,UNUSED,,34,,,,,,,,,
T6,,IOB33S,IO_L17N_T2_34,UNUSED,,34,,,,,,,,,
T7,,,GND,,,,,,,,,,,,
T8,,,VCCINT,,,,,,,,1.0,,,,
T9,,,GND,,,,,,,,,,,,
T10,,,VCCINT,,,,,,,,1.0,,,,
T11,,,GND,,,,,,,,,,,,
T12,,,VCCO_0,,,0,,,,,any******,,,,
T13,,,TMS_0,,,,,,,,,,,,
T14,,IOB33M,IO_L15P_T2_DQS_13,UNUSED,,13,,,,,,,,,
T15,,IOB33S,IO_L15N_T2_DQS_13,UNUSED,,13,,,,,,,,,
T16,,IOB33M,IO_L17P_T2_13,UNUSED,,13,,,,,,,,,
T17,,,GND,,,,,,,,,,,,
T18,,IOB33S,IO_L20N_T3_A07_D23_14,UNUSED,,14,,,,,,,,,
T19,,IOB33M,IO_L6P_T0_FCS_B_14,UNUSED,,14,,,,,,,,,
T20,,IOB33S,IO_L6N_T0_D08_VREF_14,UNUSED,,14,,,,,,,,,
T21,,IOB33M,IO_L4P_T0_D04_14,UNUSED,,14,,,,,,,,,
T22,,,VCCO_14,,,14,,,,,any******,,,,
U1,,IOB33S,IO_L1N_T0_34,UNUSED,,34,,,,,,,,,
U2,,IOB33M,IO_L2P_T0_34,UNUSED,,34,,,,,,,,,
U3,A<2>,IOB,IO_L6P_T0_34,INPUT,LVCMOS18*,34,,,PULLDOWN,NONE,,LOCATED,NO,NONE,
U4,,,GND,,,,,,,,,,,,
U5,,IOB33S,IO_L14N_T2_SRCC_34,UNUSED,,34,,,,,,,,,
U6,,IOB33M,IO_L16P_T2_34,UNUSED,,34,,,,,,,,,
U7,,IOB33,IO_25_34,UNUSED,,34,,,,,,,,,
U8,,,CFGBVS_0,,,,,,,,,,,,
U9,,,M2_0,,,,,,,,,,,,
U10,,,M1_0,,,,,,,,,,,,
U11,,,M0_0,,,,,,,,,,,,
U12,,,INIT_B_0,,,,,,,,,,,,
U13,,,TDO_0,,,,,,,,,,,,
U14,,,GND,,,,,,,,,,,,
U15,,IOB33M,IO_L14P_T2_SRCC_13,UNUSED,,13,,,,,,,,,
U16,,IOB33S,IO_L17N_T2_13,UNUSED,,13,,,,,,,,,
U17,,IOB33M,IO_L18P_T2_A12_D28_14,UNUSED,,14,,,,,,,,,
U18,,IOB33S,IO_L18N_T2_A11_D27_14,UNUSED,,14,,,,,,,,,
U19,,,VCCO_14,,,14,,,,,any******,,,,
U20,,IOB33M,IO_L11P_T1_SRCC_14,UNUSED,,14,,,,,,,,,
U21,,IOB33S,IO_L4N_T0_D05_14,UNUSED,,14,,,,,,,,,
U22,,IOB33M,IO_L3P_T0_DQS_PUDC_B_14,UNUSED,,14,,,,,,,,,
V1,,,GND,,,,,,,,,,,,
V2,,IOB33S,IO_L2N_T0_34,UNUSED,,34,,,,,,,,,
V3,A<0>,IOB,IO_L6N_T0_VREF_34,INPUT,LVCMOS18*,34,,,PULLDOWN,NONE,,LOCATED,NO,NONE,
V4,B<3>,IOB,IO_L12P_T1_MRCC_34,INPUT,LVCMOS18*,34,,,PULLDOWN,NONE,,LOCATED,NO,NONE,
V5,,IOB33S,IO_L16N_T2_34,UNUSED,,34,,,,,,,,,
V6,,,VCCO_34,,,34,,,,,1.80,,,,
V7,,IOB33M,IO_L19P_T3_34,UNUSED,,34,,,,,,,,,
V8,,IOB33S,IO_L21N_T3_DQS_34,UNUSED,,34,,,,,,,,,
V9,,IOB33M,IO_L21P_T3_DQS_34,UNUSED,,34,,,,,,,,,
V10,,IOB33M,IO_L10P_T1_13,UNUSED,,13,,,,,,,,,
V11,,,GND,,,,,,,,,,,,
V12,,,TCK_0,,,,,,,,,,,,
V13,,IOB33M,IO_L13P_T2_MRCC_13,UNUSED,,13,,,,,,,,,
V14,,IOB33S,IO_L13N_T2_MRCC_13,UNUSED,,13,,,,,,,,,
V15,,IOB33S,IO_L14N_T2_SRCC_13,UNUSED,,13,,,,,,,,,
V16,,,VCCO_13,,,13,,,,,any******,,,,
V17,,IOB33M,IO_L16P_T2_CSI_B_14,UNUSED,,14,,,,,,,,,
V18,,IOB33M,IO_L14P_T2_SRCC_14,UNUSED,,14,,,,,,,,,
V19,,IOB33S,IO_L14N_T2_SRCC_14,UNUSED,,14,,,,,,,,,
V20,,IOB33S,IO_L11N_T1_SRCC_14,UNUSED,,14,,,,,,,,,
V21,,,GND,,,,,,,,,,,,
V22,,IOB33S,IO_L3N_T0_DQS_EMCCLK_14,UNUSED,,14,,,,,,,,,
W1,,IOB33M,IO_L5P_T0_34,UNUSED,,34,,,,,,,,,
W2,,IOB33M,IO_L4P_T0_34,UNUSED,,34,,,,,,,,,
W3,,,VCCO_34,,,34,,,,,1.80,,,,
W4,B<2>,IOB,IO_L12N_T1_MRCC_34,INPUT,LVCMOS18*,34,,,PULLDOWN,NONE,,LOCATED,NO,NONE,
W5,,IOB33S,IO_L15N_T2_DQS_34,UNUSED,,34,,,,,,,,,
W6,,IOB33M,IO_L15P_T2_DQS_34,UNUSED,,34,,,,,,,,,
W7,Cin,IOB,IO_L19N_T3_VREF_34,INPUT,LVCMOS18*,34,,,PULLDOWN,NONE,,LOCATED,NO,NONE,
W8,,,GND,,,,,,,,,,,,
W9,,IOB33M,IO_L24P_T3_34,UNUSED,,34,,,,,,,,,
W10,,IOB33S,IO_L10N_T1_13,UNUSED,,13,,,,,,,,,
W11,,IOB33M,IO_L12P_T1_MRCC_13,UNUSED,,13,,,,,,,,,
W12,,IOB33S,IO_L12N_T1_MRCC_13,UNUSED,,13,,,,,,,,,
W13,,,VCCO_13,,,13,,,,,any******,,,,
W14,,IOB33M,IO_L6P_T0_13,UNUSED,,13,,,,,,,,,
W15,,IOB33M,IO_L16P_T2_13,UNUSED,,13,,,,,,,,,
W16,,IOB33S,IO_L16N_T2_13,UNUSED,,13,,,,,,,,,
W17,,IOB33S,IO_L16N_T2_A15_D31_14,UNUSED,,14,,,,,,,,,
W18,,,GND,,,,,,,,,,,,
W19,,IOB33M,IO_L12P_T1_MRCC_14,UNUSED,,14,,,,,,,,,
W20,,IOB33S,IO_L12N_T1_MRCC_14,UNUSED,,14,,,,,,,,,
W21,,IOB33M,IO_L7P_T1_D09_14,UNUSED,,14,,,,,,,,,
W22,,IOB33S,IO_L7N_T1_D10_14,UNUSED,,14,,,,,,,,,
Y1,,IOB33S,IO_L5N_T0_34,UNUSED,,34,,,,,,,,,
Y2,,IOB33S,IO_L4N_T0_34,UNUSED,,34,,,,,,,,,
Y3,,IOB33M,IO_L9P_T1_DQS_34,UNUSED,,34,,,,,,,,,
Y4,B<1>,IOB,IO_L11P_T1_SRCC_34,INPUT,LVCMOS18*,34,,,PULLDOWN,NONE,,LOCATED,NO,NONE,
Y5,,,GND,,,,,,,,,,,,
Y6,B<0>,IOB,IO_L18P_T2_34,INPUT,LVCMOS18*,34,,,PULLDOWN,NONE,,LOCATED,NO,NONE,
Y7,,IOB33S,IO_L23N_T3_34,UNUSED,,34,,,,,,,,,
Y8,,IOB33M,IO_L23P_T3_34,UNUSED,,34,,,,,,,,,
Y9,,IOB33S,IO_L24N_T3_34,UNUSED,,34,,,,,,,,,
Y10,,,VCCO_13,,,13,,,,,any******,,,,
Y11,,IOB33M,IO_L11P_T1_SRCC_13,UNUSED,,13,,,,,,,,,
Y12,,IOB33S,IO_L11N_T1_SRCC_13,UNUSED,,13,,,,,,,,,
Y13,,IOB33M,IO_L5P_T0_13,UNUSED,,13,,,,,,,,,
Y14,,IOB33S,IO_L6N_T0_VREF_13,UNUSED,,13,,,,,,,,,
Y15,,,GND,,,,,,,,,,,,
Y16,,IOB33M,IO_L1P_T0_13,UNUSED,,13,,,,,,,,,
Y17,,IOB33,IO_0_13,UNUSED,,13,,,,,,,,,
Y18,,IOB33M,IO_L13P_T2_MRCC_14,UNUSED,,14,,,,,,,,,
Y19,,IOB33S,IO_L13N_T2_MRCC_14,UNUSED,,14,,,,,,,,,
Y20,,,VCCO_14,,,14,,,,,any******,,,,
Y21,,IOB33M,IO_L9P_T1_DQS_14,UNUSED,,14,,,,,,,,,
Y22,,IOB33S,IO_L9N_T1_DQS_D13_14,UNUSED,,14,,,,,,,,,

# -----,-----,-----,-----,-----,-----,-----,-----,-----,-----,-----,-----,-----,-----,-----,
# 
#* Default value.
#** This default Pullup/Pulldown value can be overridden in Bitgen. 
#All RSVD_0 pins must be tied to GROUND.
#****** Special VCCO requirements may apply. Please consult the device 
#       family datasheet for specific guideline on VCCO requirements. 
#
#
#