<?xml version="1.0" encoding="UTF-8"?>
<!-- IMPORTANT: This is an internal file that has been generated
     by the Xilinx ISE software.  Any direct editing or
     changes made to this file may result in unpredictable
     behavior or data corruption.  It is strongly advised that
     users do not edit the contents of this file. -->
<DeviceUsageSummary rev="5">
<DesignStatistics TimeStamp="Sat Jun 16 17:44:46 2018"><group name="NetStatistics">
<item name="NumNets_Active" rev="4">
<attrib name="value" value="1142"/></item>
<item name="NumNets_Vcc" rev="4">
<attrib name="value" value="1"/></item>
<item name="NumNodesOfType_Active_BOUNCEACROSS" rev="4">
<attrib name="value" value="4"/></item>
<item name="NumNodesOfType_Active_BOUNCEIN" rev="4">
<attrib name="value" value="192"/></item>
<item name="NumNodesOfType_Active_BUFGOUT" rev="4">
<attrib name="value" value="1"/></item>
<item name="NumNodesOfType_Active_BUFHINP2OUT" rev="4">
<attrib name="value" value="8"/></item>
<item name="NumNodesOfType_Active_CLKPIN" rev="4">
<attrib name="value" value="171"/></item>
<item name="NumNodesOfType_Active_CLKPINFEED" rev="4">
<attrib name="value" value="8"/></item>
<item name="NumNodesOfType_Active_CNTRLPIN" rev="4">
<attrib name="value" value="342"/></item>
<item name="NumNodesOfType_Active_DOUBLE" rev="4">
<attrib name="value" value="2227"/></item>
<item name="NumNodesOfType_Active_GENERIC" rev="4">
<attrib name="value" value="29"/></item>
<item name="NumNodesOfType_Active_GLOBAL" rev="4">
<attrib name="value" value="88"/></item>
<item name="NumNodesOfType_Active_INPUT" rev="4">
<attrib name="value" value="1"/></item>
<item name="NumNodesOfType_Active_IOBIN2OUT" rev="4">
<attrib name="value" value="18"/></item>
<item name="NumNodesOfType_Active_IOBOUTPUT" rev="4">
<attrib name="value" value="18"/></item>
<item name="NumNodesOfType_Active_LUTINPUT" rev="4">
<attrib name="value" value="5911"/></item>
<item name="NumNodesOfType_Active_OUTBOUND" rev="4">
<attrib name="value" value="1131"/></item>
<item name="NumNodesOfType_Active_OUTPUT" rev="4">
<attrib name="value" value="1169"/></item>
<item name="NumNodesOfType_Active_PADINPUT" rev="4">
<attrib name="value" value="8"/></item>
<item name="NumNodesOfType_Active_PADOUTPUT" rev="4">
<attrib name="value" value="11"/></item>
<item name="NumNodesOfType_Active_PINBOUNCE" rev="4">
<attrib name="value" value="582"/></item>
<item name="NumNodesOfType_Active_PINFEED" rev="4">
<attrib name="value" value="6262"/></item>
<item name="NumNodesOfType_Active_QUAD" rev="4">
<attrib name="value" value="1333"/></item>
<item name="NumNodesOfType_Active_REGINPUT" rev="4">
<attrib name="value" value="39"/></item>
<item name="NumNodesOfType_Active_SINGLE" rev="4">
<attrib name="value" value="2382"/></item>
<item name="NumNodesOfType_Vcc_HVCCOUT" rev="4">
<attrib name="value" value="16"/></item>
<item name="NumNodesOfType_Vcc_LUTINPUT" rev="4">
<attrib name="value" value="19"/></item>
<item name="NumNodesOfType_Vcc_PINFEED" rev="4">
<attrib name="value" value="19"/></item>
</group>
<group name="SiteStatistics">
<item name="BUFG-BUFGMUX" rev="4">
<attrib name="value" value="1"/></item>
<item name="IOB-IOBM" rev="4">
<attrib name="value" value="8"/></item>
<item name="IOB-IOBS" rev="4">
<attrib name="value" value="11"/></item>
<item name="SLICEL-SLICEM" rev="4">
<attrib name="value" value="17"/></item>
<item name="SLICEX-SLICEL" rev="4">
<attrib name="value" value="90"/></item>
<item name="SLICEX-SLICEM" rev="4">
<attrib name="value" value="93"/></item>
</group>
<group name="MiscellaneousStatistics">
<item name="AGG_BONDED_IO" rev="5">
<attrib name="value" value="19"/></item>
<item name="AGG_IO" rev="5">
<attrib name="value" value="19"/></item>
<item name="AGG_LOCED_IO" rev="5">
<attrib name="value" value="19"/></item>
<item name="AGG_SLICE" rev="5">
<attrib name="value" value="412"/></item>
<item name="NUM_BONDED_IOB" rev="5">
<attrib name="value" value="19"/></item>
<item name="NUM_BSFULL" rev="5">
<attrib name="value" value="651"/></item>
<item name="NUM_BSLUTONLY" rev="5">
<attrib name="value" value="468"/></item>
<item name="NUM_BSUSED" rev="5">
<attrib name="value" value="1119"/></item>
<item name="NUM_BUFG" rev="5">
<attrib name="value" value="1"/></item>
<item name="NUM_LOCED_IOB" rev="5">
<attrib name="value" value="19"/></item>
<item name="NUM_LOGIC_O5ANDO6" rev="5">
<attrib name="value" value="19"/></item>
<item name="NUM_LOGIC_O6ONLY" rev="5">
<attrib name="value" value="1100"/></item>
<item name="NUM_SLICEL" rev="5">
<attrib name="value" value="37"/></item>
<item name="NUM_SLICEX" rev="5">
<attrib name="value" value="375"/></item>
<item name="NUM_SLICE_CONTROLSET" rev="5">
<attrib name="value" value="1"/></item>
<item name="NUM_SLICE_CYINIT" rev="5">
<attrib name="value" value="1138"/></item>
<item name="NUM_SLICE_F7MUX" rev="5">
<attrib name="value" value="39"/></item>
<item name="NUM_SLICE_FF" rev="5">
<attrib name="value" value="651"/></item>
<item name="NUM_SLICE_UNUSEDCTRL" rev="5">
<attrib name="value" value="241"/></item>
<item name="NUM_UNUSABLE_FF_BELS" rev="5">
<attrib name="value" value="5"/></item>
</group>
</DesignStatistics>
<ReportConfigData TimeStamp="Sat May 12 10:25:56 2018"><group name="REG_SR">
<item name="CK" rev="4">
<attrib name="CK" value="651"/><attrib name="CK_INV" value="0"/></item>
<item name="LATCH_OR_FF" rev="4">
<attrib name="FF" value="651"/></item>
<item name="SRINIT" rev="4">
<attrib name="SRINIT0" value="651"/></item>
<item name="SYNC_ATTR" rev="4">
<attrib name="ASYNC" value="651"/></item>
</group>
<group name="IOB_OUTBUF">
<item name="DRIVEATTRBOX" rev="4">
<attrib name="12" value="8"/></item>
<item name="SLEW" rev="4">
<attrib name="SLOW" value="8"/></item>
<item name="SUSPEND" rev="4">
<attrib name="3STATE" value="8"/></item>
</group>
<group name="SLICEX">
<item name="CLK" rev="4">
<attrib name="CLK" value="171"/><attrib name="CLK_INV" value="0"/></item>
</group>
</ReportConfigData>
<ReportPinData TimeStamp="Sat May 12 10:25:56 2018"><group name="REG_SR">
<item name="CE" rev="4">
<attrib name="value" value="651"/></item>
<item name="CK" rev="4">
<attrib name="value" value="651"/></item>
<item name="D" rev="4">
<attrib name="value" value="651"/></item>
<item name="Q" rev="4">
<attrib name="value" value="651"/></item>
<item name="SR" rev="4">
<attrib name="value" value="651"/></item>
</group>
<group name="SLICEL">
<item name="A" rev="4">
<attrib name="value" value="34"/></item>
<item name="A1" rev="4">
<attrib name="value" value="2"/></item>
<item name="A2" rev="4">
<attrib name="value" value="36"/></item>
<item name="A3" rev="4">
<attrib name="value" value="36"/></item>
<item name="A4" rev="4">
<attrib name="value" value="36"/></item>
<item name="A5" rev="4">
<attrib name="value" value="36"/></item>
<item name="A6" rev="4">
<attrib name="value" value="36"/></item>
<item name="AMUX" rev="4">
<attrib name="value" value="2"/></item>
<item name="AX" rev="4">
<attrib name="value" value="2"/></item>
<item name="B" rev="4">
<attrib name="value" value="34"/></item>
<item name="B1" rev="4">
<attrib name="value" value="36"/></item>
<item name="B2" rev="4">
<attrib name="value" value="36"/></item>
<item name="B3" rev="4">
<attrib name="value" value="36"/></item>
<item name="B4" rev="4">
<attrib name="value" value="36"/></item>
<item name="B5" rev="4">
<attrib name="value" value="36"/></item>
<item name="B6" rev="4">
<attrib name="value" value="36"/></item>
<item name="C" rev="4">
<attrib name="value" value="6"/></item>
<item name="C1" rev="4">
<attrib name="value" value="37"/></item>
<item name="C2" rev="4">
<attrib name="value" value="37"/></item>
<item name="C3" rev="4">
<attrib name="value" value="37"/></item>
<item name="C4" rev="4">
<attrib name="value" value="37"/></item>
<item name="C5" rev="4">
<attrib name="value" value="37"/></item>
<item name="C6" rev="4">
<attrib name="value" value="37"/></item>
<item name="CMUX" rev="4">
<attrib name="value" value="37"/></item>
<item name="CX" rev="4">
<attrib name="value" value="37"/></item>
<item name="D" rev="4">
<attrib name="value" value="6"/></item>
<item name="D1" rev="4">
<attrib name="value" value="37"/></item>
<item name="D2" rev="4">
<attrib name="value" value="37"/></item>
<item name="D3" rev="4">
<attrib name="value" value="37"/></item>
<item name="D4" rev="4">
<attrib name="value" value="37"/></item>
<item name="D5" rev="4">
<attrib name="value" value="37"/></item>
<item name="D6" rev="4">
<attrib name="value" value="37"/></item>
</group>
<group name="IOB_OUTBUF">
<item name="IN" rev="4">
<attrib name="value" value="8"/></item>
<item name="OUT" rev="4">
<attrib name="value" value="8"/></item>
</group>
<group name="SLICEX">
<item name="A" rev="4">
<attrib name="value" value="159"/></item>
<item name="A1" rev="4">
<attrib name="value" value="153"/></item>
<item name="A2" rev="4">
<attrib name="value" value="325"/></item>
<item name="A3" rev="4">
<attrib name="value" value="329"/></item>
<item name="A4" rev="4">
<attrib name="value" value="330"/></item>
<item name="A5" rev="4">
<attrib name="value" value="330"/></item>
<item name="A6" rev="4">
<attrib name="value" value="330"/></item>
<item name="AMUX" rev="4">
<attrib name="value" value="1"/></item>
<item name="AQ" rev="4">
<attrib name="value" value="171"/></item>
<item name="B" rev="4">
<attrib name="value" value="52"/></item>
<item name="B1" rev="4">
<attrib name="value" value="43"/></item>
<item name="B2" rev="4">
<attrib name="value" value="220"/></item>
<item name="B3" rev="4">
<attrib name="value" value="221"/></item>
<item name="B4" rev="4">
<attrib name="value" value="222"/></item>
<item name="B5" rev="4">
<attrib name="value" value="222"/></item>
<item name="B6" rev="4">
<attrib name="value" value="222"/></item>
<item name="BMUX" rev="4">
<attrib name="value" value="1"/></item>
<item name="BQ" rev="4">
<attrib name="value" value="170"/></item>
<item name="C" rev="4">
<attrib name="value" value="32"/></item>
<item name="C1" rev="4">
<attrib name="value" value="27"/></item>
<item name="C2" rev="4">
<attrib name="value" value="174"/></item>
<item name="C3" rev="4">
<attrib name="value" value="187"/></item>
<item name="C4" rev="4">
<attrib name="value" value="187"/></item>
<item name="C5" rev="4">
<attrib name="value" value="187"/></item>
<item name="C6" rev="4">
<attrib name="value" value="187"/></item>
<item name="CE" rev="4">
<attrib name="value" value="171"/></item>
<item name="CLK" rev="4">
<attrib name="value" value="171"/></item>
<item name="CMUX" rev="4">
<attrib name="value" value="17"/></item>
<item name="CQ" rev="4">
<attrib name="value" value="155"/></item>
<item name="D" rev="4">
<attrib name="value" value="79"/></item>
<item name="D1" rev="4">
<attrib name="value" value="76"/></item>
<item name="D2" rev="4">
<attrib name="value" value="180"/></item>
<item name="D3" rev="4">
<attrib name="value" value="234"/></item>
<item name="D4" rev="4">
<attrib name="value" value="234"/></item>
<item name="D5" rev="4">
<attrib name="value" value="234"/></item>
<item name="D6" rev="4">
<attrib name="value" value="234"/></item>
<item name="DQ" rev="4">
<attrib name="value" value="155"/></item>
<item name="SR" rev="4">
<attrib name="value" value="171"/></item>
</group>
<group name="BUFG_BUFG">
<item name="I0" rev="4">
<attrib name="value" value="1"/></item>
<item name="O" rev="4">
<attrib name="value" value="1"/></item>
</group>
<group name="PAD">
<item name="PAD" rev="4">
<attrib name="value" value="19"/></item>
</group>
<group name="IOB_INBUF">
<item name="OUT" rev="4">
<attrib name="value" value="11"/></item>
<item name="PAD" rev="4">
<attrib name="value" value="11"/></item>
</group>
<group name="LUT5">
<item name="A1" rev="4">
<attrib name="value" value="15"/></item>
<item name="A2" rev="4">
<attrib name="value" value="15"/></item>
<item name="A3" rev="4">
<attrib name="value" value="19"/></item>
<item name="A4" rev="4">
<attrib name="value" value="19"/></item>
<item name="A5" rev="4">
<attrib name="value" value="19"/></item>
<item name="O5" rev="4">
<attrib name="value" value="19"/></item>
</group>
<group name="LUT6">
<item name="A1" rev="4">
<attrib name="value" value="411"/></item>
<item name="A2" rev="4">
<attrib name="value" value="1045"/></item>
<item name="A3" rev="4">
<attrib name="value" value="1117"/></item>
<item name="A4" rev="4">
<attrib name="value" value="1119"/></item>
<item name="A5" rev="4">
<attrib name="value" value="1119"/></item>
<item name="A6" rev="4">
<attrib name="value" value="1119"/></item>
<item name="O6" rev="4">
<attrib name="value" value="1119"/></item>
</group>
<group name="SELMUX2_1">
<item name="0" rev="4">
<attrib name="value" value="39"/></item>
<item name="1" rev="4">
<attrib name="value" value="39"/></item>
<item name="OUT" rev="4">
<attrib name="value" value="39"/></item>
<item name="S0" rev="4">
<attrib name="value" value="39"/></item>
</group>
<group name="IOB_IMUX">
<item name="I" rev="4">
<attrib name="value" value="11"/></item>
<item name="OUT" rev="4">
<attrib name="value" value="11"/></item>
</group>
<group name="IOB">
<item name="I" rev="4">
<attrib name="value" value="11"/></item>
<item name="O" rev="4">
<attrib name="value" value="8"/></item>
<item name="PAD" rev="4">
<attrib name="value" value="19"/></item>
</group>
<group name="BUFG">
<item name="I0" rev="4">
<attrib name="value" value="1"/></item>
<item name="O" rev="4">
<attrib name="value" value="1"/></item>
</group>
</ReportPinData>
<CmdHistory>
</CmdHistory>
</DeviceUsageSummary>
